CREATE SCHEMA "GUITAR";

CREATE TABLE "GUITAR"."SYS_USER_ROLE"
(
 "ID" VARCHAR(64) NOT NULL,
 "USER_ID" VARCHAR(64) NULL,
 "ROLE_ID" VARCHAR(64) NULL,
 "CREATE_TIME" TIMESTAMP(0) NULL
);

CREATE TABLE "GUITAR"."SYS_USER"
(
 "ID" VARCHAR(64) NOT NULL,
 "USERNAME" VARCHAR(50) NOT NULL,
 "SALT" VARCHAR(20) NULL,
 "PASSWORD" VARCHAR(200) NOT NULL,
 "PHONE" VARCHAR(20) NULL,
 "DEPT_ID" VARCHAR(64) NULL,
 "REAL_NAME" VARCHAR(60) NULL,
 "NICK_NAME" VARCHAR(60) NULL,
 "EMAIL" VARCHAR(50) NULL,
 "STATUS" TINYINT DEFAULT 1
 NULL,
 "SEX" TINYINT DEFAULT 1
 NULL,
 "DELETED" TINYINT DEFAULT 1
 NULL,
 "CREATE_ID" VARCHAR(64) NULL,
 "UPDATE_ID" VARCHAR(64) NULL,
 "CREATE_WHERE" TINYINT DEFAULT 1
 NULL,
 "CREATE_TIME" TIMESTAMP(0) NULL,
 "UPDATE_TIME" TIMESTAMP(0) NULL
);

CREATE TABLE "GUITAR"."SYS_ROLE_PERMISSION"
(
 "ID" VARCHAR(64) NOT NULL,
 "ROLE_ID" VARCHAR(64) NULL,
 "PERMISSION_ID" VARCHAR(64) NULL,
 "CREATE_TIME" TIMESTAMP(0) NULL
);

CREATE TABLE "GUITAR"."SYS_ROLE"
(
 "ID" VARCHAR(64) NOT NULL,
 "CODE" VARCHAR(50) NULL,
 "NAME" VARCHAR(255) NULL,
 "DESCRIPTION" VARCHAR(300) NULL,
 "STATUS" TINYINT DEFAULT 1
 NULL,
 "CREATE_TIME" TIMESTAMP(0) NULL,
 "UPDATE_TIME" TIMESTAMP(0) NULL,
 "DELETED" TINYINT DEFAULT 1
 NULL
);

CREATE TABLE "GUITAR"."SYS_PERMISSION"
(
 "ID" VARCHAR(64) NOT NULL,
 "CODE" VARCHAR(64) NULL,
 "NAME" VARCHAR(300) NULL,
 "PERMS" VARCHAR(500) NULL,
 "URL" VARCHAR(100) NULL,
 "METHOD" VARCHAR(10) NULL,
 "PID" VARCHAR(64) NULL,
 "ORDER_NUM" INT DEFAULT 0
 NULL,
 "TYPE" TINYINT NULL,
 "STATUS" TINYINT DEFAULT 1
 NULL,
 "ICON" VARCHAR(50) NULL,
 "TARGET" VARCHAR(50) NULL,
 "CREATE_TIME" TIMESTAMP(0) NULL,
 "UPDATE_TIME" TIMESTAMP(0) NULL,
 "DELETED" TINYINT DEFAULT 1
 NULL
);

CREATE TABLE "GUITAR"."SYS_LOG"
(
 "ID" VARCHAR(64) NOT NULL,
 "USER_ID" VARCHAR(64) NULL,
 "USERNAME" VARCHAR(50) NULL,
 "OPERATION" VARCHAR(100) NULL,
 "TIME" INT NULL,
 "METHOD" VARCHAR(200) NULL,
 "PARAMS" VARCHAR(5000) NULL,
 "IP" VARCHAR(64) NULL,
 "CREATE_TIME" TIMESTAMP(0) NULL
);

CREATE TABLE "GUITAR"."SYS_DEPT"
(
 "ID" VARCHAR(64) NOT NULL,
 "DEPT_NO" VARCHAR(18) NULL,
 "NAME" VARCHAR(300) NULL,
 "PID" VARCHAR(64) NOT NULL,
 "STATUS" TINYINT DEFAULT 1
 NULL,
 "RELATION_CODE" VARCHAR(3000) NULL,
 "DEPT_MANAGER_ID" VARCHAR(64) NULL,
 "MANAGER_NAME" VARCHAR(255) NULL,
 "PHONE" VARCHAR(20) NULL,
 "CREATE_TIME" TIMESTAMP(0) NULL,
 "UPDATE_TIME" TIMESTAMP(0) NULL,
 "DELETED" TINYINT DEFAULT 1
 NULL
);

INSERT INTO "GUITAR"."SYS_DEPT"("ID","DEPT_NO","NAME","PID","STATUS","RELATION_CODE","DEPT_MANAGER_ID","MANAGER_NAME","PHONE","CREATE_TIME","UPDATE_TIME","DELETED") VALUES('06e8066d-fbb9-4904-b71a-e75fc06b19a6','YXD0000006','总公司','0',1,'YXD0000006',null,'小霍','13866666666','2020-01-07 19:33:24',null,1);
INSERT INTO "GUITAR"."SYS_DEPT"("ID","DEPT_NO","NAME","PID","STATUS","RELATION_CODE","DEPT_MANAGER_ID","MANAGER_NAME","PHONE","CREATE_TIME","UPDATE_TIME","DELETED") VALUES('34843160-cfe7-48a4-8e4d-c54653217636','YXD0000008','河北分部','06e8066d-fbb9-4904-b71a-e75fc06b19a6',1,'YXD0000006YXD0000008',null,'小刘','13866666666','2020-01-07 19:36:19','2020-01-08 12:20:41',1);
INSERT INTO "GUITAR"."SYS_DEPT"("ID","DEPT_NO","NAME","PID","STATUS","RELATION_CODE","DEPT_MANAGER_ID","MANAGER_NAME","PHONE","CREATE_TIME","UPDATE_TIME","DELETED") VALUES('7610b9c4-9348-4102-afc3-0e598216ccb6','YXD0000007','北京分部','06e8066d-fbb9-4904-b71a-e75fc06b19a6',1,'YXD0000006YXD0000007',null,'小庄','13866666667','2020-01-07 19:34:49','2020-01-08 12:04:42',1);
INSERT INTO "GUITAR"."SYS_DEPT"("ID","DEPT_NO","NAME","PID","STATUS","RELATION_CODE","DEPT_MANAGER_ID","MANAGER_NAME","PHONE","CREATE_TIME","UPDATE_TIME","DELETED") VALUES('da5b02b4-1fb1-4907-aaf3-3fa617f875a8','YXD0000009','上海分部','34843160-cfe7-48a4-8e4d-c54653217636',1,'YXD0000006YXD0000008YXD0000009',null,'小黄','13899999999','2020-01-08 11:28:17','2020-01-08 12:20:41',1);

INSERT INTO "GUITAR"."SYS_PERMISSION"("ID","CODE","NAME","PERMS","URL","METHOD","PID","ORDER_NUM","TYPE","STATUS","ICON","TARGET","CREATE_TIME","UPDATE_TIME","DELETED") VALUES('013095aa-0f4d-4c32-b30e-229a587e52ad','btn-dept-add','新增部门权限','sys:dept:add','/api/dept','POST','8f393e44-b585-4875-866d-71f88fea9659',100,3,1,null,null,'2020-01-08 15:44:18',null,1);
INSERT INTO "GUITAR"."SYS_PERMISSION"("ID","CODE","NAME","PERMS","URL","METHOD","PID","ORDER_NUM","TYPE","STATUS","ICON","TARGET","CREATE_TIME","UPDATE_TIME","DELETED") VALUES('03dc1cbf-ef44-4326-a7dc-10fe16d22dad','btn-log-list','查询日志列表权限','sys:log:list','/api/logs','POST','0545d9d1-c82c-44c2-85e5-0b6ac4042515',100,3,1,null,null,'2020-01-08 16:12:14',null,1);
INSERT INTO "GUITAR"."SYS_PERMISSION"("ID","CODE","NAME","PERMS","URL","METHOD","PID","ORDER_NUM","TYPE","STATUS","ICON","TARGET","CREATE_TIME","UPDATE_TIME","DELETED") VALUES('0545d9d1-c82c-44c2-85e5-0b6ac4042515','','日志管理','','/index/logs','','4caeb861-354c-45f6-98b4-59f486beb511',100,2,1,'fa fa-file-text-o',null,'2020-01-08 13:57:12',null,1);
INSERT INTO "GUITAR"."SYS_PERMISSION"("ID","CODE","NAME","PERMS","URL","METHOD","PID","ORDER_NUM","TYPE","STATUS","ICON","TARGET","CREATE_TIME","UPDATE_TIME","DELETED") VALUES('145cb90b-d205-40f6-8a2d-703f41ed1feb','btn-user-delete','删除用户权限','sys:user:delete','/api/user','DELETE','9ce621a0-ee2c-4cf6-b7bd-012a1a01ba63',100,3,1,null,null,'2020-01-08 15:42:50',null,1);
INSERT INTO "GUITAR"."SYS_PERMISSION"("ID","CODE","NAME","PERMS","URL","METHOD","PID","ORDER_NUM","TYPE","STATUS","ICON","TARGET","CREATE_TIME","UPDATE_TIME","DELETED") VALUES('15bb6aff-2e3b-490a-a21f-0167ae0ebc0d','btn-log-delete','删除日志权限','sys:log:delete','/api/log','DELETE','0545d9d1-c82c-44c2-85e5-0b6ac4042515',100,3,1,null,null,'2020-01-08 16:12:53',null,1);
INSERT INTO "GUITAR"."SYS_PERMISSION"("ID","CODE","NAME","PERMS","URL","METHOD","PID","ORDER_NUM","TYPE","STATUS","ICON","TARGET","CREATE_TIME","UPDATE_TIME","DELETED") VALUES('24b7b13c-f00f-4e6b-a221-fe2d780e4d4f','','接口管理','','/swagger-ui.html','GET','4caeb861-354c-45f6-98b4-59f486beb511',97,2,1,'fa fa-retweet',null,'2020-01-08 14:28:56',null,1);
INSERT INTO "GUITAR"."SYS_PERMISSION"("ID","CODE","NAME","PERMS","URL","METHOD","PID","ORDER_NUM","TYPE","STATUS","ICON","TARGET","CREATE_TIME","UPDATE_TIME","DELETED") VALUES('27acf73b-2fcb-451b-bdc4-e11e5ab41e2a','btn-dept-delete','删除部门权限','sys:dept:delete','/api/dept/*','DELETE','8f393e44-b585-4875-866d-71f88fea9659',100,3,1,null,null,'2020-01-08 15:45:52',null,1);
INSERT INTO "GUITAR"."SYS_PERMISSION"("ID","CODE","NAME","PERMS","URL","METHOD","PID","ORDER_NUM","TYPE","STATUS","ICON","TARGET","CREATE_TIME","UPDATE_TIME","DELETED") VALUES('290c0240-0914-487c-b4e9-6635bf5ebfec','','菜单管理','','/index/menus','GET','4caeb861-354c-45f6-98b4-59f486beb511',95,2,1,'fa fa-list-ul',null,'2020-01-06 21:55:59','2021-02-17 19:06:31',1);
INSERT INTO "GUITAR"."SYS_PERMISSION"("ID","CODE","NAME","PERMS","URL","METHOD","PID","ORDER_NUM","TYPE","STATUS","ICON","TARGET","CREATE_TIME","UPDATE_TIME","DELETED") VALUES('2ae13993-9501-46d5-8473-fe45fee57f3b','btn-user-add','新增用户权限','sys:user:add','/api/user','POST','9ce621a0-ee2c-4cf6-b7bd-012a1a01ba63',100,3,1,null,null,'2020-01-08 15:40:36',null,1);
INSERT INTO "GUITAR"."SYS_PERMISSION"("ID","CODE","NAME","PERMS","URL","METHOD","PID","ORDER_NUM","TYPE","STATUS","ICON","TARGET","CREATE_TIME","UPDATE_TIME","DELETED") VALUES('2eeaa020-74d5-4c4b-9849-2cf4bd68fed9','btn-role-update','更新角色权限','sys:role:update','/api/role','PUT','c198d1cb-ad4d-4001-9375-9ec8ee04053d',100,3,1,null,null,'2020-01-08 16:09:55',null,1);
INSERT INTO "GUITAR"."SYS_PERMISSION"("ID","CODE","NAME","PERMS","URL","METHOD","PID","ORDER_NUM","TYPE","STATUS","ICON","TARGET","CREATE_TIME","UPDATE_TIME","DELETED") VALUES('2f9a3f67-6ef3-4eac-b9a1-c0e898718d0c','btn-permission-delete','删除菜单权限','sys:permission:delete','/api/permission','DELETE','290c0240-0914-487c-b4e9-6635bf5ebfec',100,3,1,null,null,'2020-01-08 15:48:37',null,1);
INSERT INTO "GUITAR"."SYS_PERMISSION"("ID","CODE","NAME","PERMS","URL","METHOD","PID","ORDER_NUM","TYPE","STATUS","ICON","TARGET","CREATE_TIME","UPDATE_TIME","DELETED") VALUES('346df872-8964-4455-8afd-ffa6308fb18a','','组织管理','','','','0',100,1,1,'fa fa-sitemap',null,'2020-01-06 21:53:55',null,1);
INSERT INTO "GUITAR"."SYS_PERMISSION"("ID","CODE","NAME","PERMS","URL","METHOD","PID","ORDER_NUM","TYPE","STATUS","ICON","TARGET","CREATE_TIME","UPDATE_TIME","DELETED") VALUES('390ded0e-9f48-40a7-a841-791c203f22ae','btn-permission-list','查询菜单权限列表权限','sys:permission:list','/api/permissions','POST','290c0240-0914-487c-b4e9-6635bf5ebfec',100,3,1,null,null,'2020-01-08 15:46:36',null,1);
INSERT INTO "GUITAR"."SYS_PERMISSION"("ID","CODE","NAME","PERMS","URL","METHOD","PID","ORDER_NUM","TYPE","STATUS","ICON","TARGET","CREATE_TIME","UPDATE_TIME","DELETED") VALUES('39313e6a-14ed-4224-a91e-ef6a10ba54cd','btn-dept-list','查询部门信息列表权限','sys:dept:list','/api/depts','POST','8f393e44-b585-4875-866d-71f88fea9659',100,3,1,null,null,'2020-01-08 15:43:36',null,1);
INSERT INTO "GUITAR"."SYS_PERMISSION"("ID","CODE","NAME","PERMS","URL","METHOD","PID","ORDER_NUM","TYPE","STATUS","ICON","TARGET","CREATE_TIME","UPDATE_TIME","DELETED") VALUES('47697e92-e199-4420-a2c2-09ec1b08cb9d','btn-user-list','查询用户信息列表权限','sys:user:list','/api/users','POST','9ce621a0-ee2c-4cf6-b7bd-012a1a01ba63',100,3,1,null,null,'2020-01-08 15:39:55',null,1);
INSERT INTO "GUITAR"."SYS_PERMISSION"("ID","CODE","NAME","PERMS","URL","METHOD","PID","ORDER_NUM","TYPE","STATUS","ICON","TARGET","CREATE_TIME","UPDATE_TIME","DELETED") VALUES('4caeb861-354c-45f6-98b4-59f486beb511','','系统管理','','','','0',98,1,1,'fa fa-cog',null,'2020-01-08 13:55:56',null,1);
INSERT INTO "GUITAR"."SYS_PERMISSION"("ID","CODE","NAME","PERMS","URL","METHOD","PID","ORDER_NUM","TYPE","STATUS","ICON","TARGET","CREATE_TIME","UPDATE_TIME","DELETED") VALUES('65734896-90c5-4b48-b9e8-dee47a74a297','btn-role-delete','删除角色权限','sys:role:delete','/api/role/*','DELETE','c198d1cb-ad4d-4001-9375-9ec8ee04053d',100,3,1,null,null,'2020-01-08 16:11:22',null,1);
INSERT INTO "GUITAR"."SYS_PERMISSION"("ID","CODE","NAME","PERMS","URL","METHOD","PID","ORDER_NUM","TYPE","STATUS","ICON","TARGET","CREATE_TIME","UPDATE_TIME","DELETED") VALUES('7141c2e9-6d50-46b6-94e8-100466b7249f','','SQL监控','','/druid/sql.html','GET','4caeb861-354c-45f6-98b4-59f486beb511',96,2,1,'fa fa-laptop',null,'2020-01-08 14:30:01','2021-02-16 00:05:19',1);
INSERT INTO "GUITAR"."SYS_PERMISSION"("ID","CODE","NAME","PERMS","URL","METHOD","PID","ORDER_NUM","TYPE","STATUS","ICON","TARGET","CREATE_TIME","UPDATE_TIME","DELETED") VALUES('84b9b525-aa44-4b16-9900-adca26115a37','btn-role-add','新增角色权限','sys:role:add','/api/role','POST','c198d1cb-ad4d-4001-9375-9ec8ee04053d',100,3,1,null,null,'2020-01-08 15:50:00',null,1);
INSERT INTO "GUITAR"."SYS_PERMISSION"("ID","CODE","NAME","PERMS","URL","METHOD","PID","ORDER_NUM","TYPE","STATUS","ICON","TARGET","CREATE_TIME","UPDATE_TIME","DELETED") VALUES('8f393e44-b585-4875-866d-71f88fea9659','','部门管理','','/index/depts','','346df872-8964-4455-8afd-ffa6308fb18a',97,2,1,'fa fa-users',null,'2020-01-07 18:28:31',null,1);
INSERT INTO "GUITAR"."SYS_PERMISSION"("ID","CODE","NAME","PERMS","URL","METHOD","PID","ORDER_NUM","TYPE","STATUS","ICON","TARGET","CREATE_TIME","UPDATE_TIME","DELETED") VALUES('90b3be91-5e9d-42f8-81fb-0c9ef3014faa','btn-role-detail','角色详情权限','sys:role:detail','/api/role/*','GET','c198d1cb-ad4d-4001-9375-9ec8ee04053d',100,3,1,null,null,'2020-01-08 16:10:32',null,1);
INSERT INTO "GUITAR"."SYS_PERMISSION"("ID","CODE","NAME","PERMS","URL","METHOD","PID","ORDER_NUM","TYPE","STATUS","ICON","TARGET","CREATE_TIME","UPDATE_TIME","DELETED") VALUES('9ce621a0-ee2c-4cf6-b7bd-012a1a01ba63','','用户管理','','/index/users','','346df872-8964-4455-8afd-ffa6308fb18a',96,2,1,'fa fa-user-circle-o',null,'2020-01-07 19:49:37','2021-02-15 22:52:36',1);
INSERT INTO "GUITAR"."SYS_PERMISSION"("ID","CODE","NAME","PERMS","URL","METHOD","PID","ORDER_NUM","TYPE","STATUS","ICON","TARGET","CREATE_TIME","UPDATE_TIME","DELETED") VALUES('b7348d63-c4d3-406d-9e46-543346674275','btn-dept-update','更新部门信息权限','sys:dept:update','/api/dept','PUT','8f393e44-b585-4875-866d-71f88fea9659',100,3,1,null,null,'2020-01-08 15:44:59',null,1);
INSERT INTO "GUITAR"."SYS_PERMISSION"("ID","CODE","NAME","PERMS","URL","METHOD","PID","ORDER_NUM","TYPE","STATUS","ICON","TARGET","CREATE_TIME","UPDATE_TIME","DELETED") VALUES('bb5ca869-0303-4fc0-b067-936cba7d1cc8','btn-permission-update','更新菜单权限','sys:permission:update','/api/permission','PUT','290c0240-0914-487c-b4e9-6635bf5ebfec',100,3,1,null,null,'2020-01-08 15:47:56',null,1);
INSERT INTO "GUITAR"."SYS_PERMISSION"("ID","CODE","NAME","PERMS","URL","METHOD","PID","ORDER_NUM","TYPE","STATUS","ICON","TARGET","CREATE_TIME","UPDATE_TIME","DELETED") VALUES('c198d1cb-ad4d-4001-9375-9ec8ee04053d','','角色管理','','/index/roles','','346df872-8964-4455-8afd-ffa6308fb18a',100,2,1,'fa fa-id-card',null,'2020-01-06 22:33:55','2020-01-08 09:13:30',1);
INSERT INTO "GUITAR"."SYS_PERMISSION"("ID","CODE","NAME","PERMS","URL","METHOD","PID","ORDER_NUM","TYPE","STATUS","ICON","TARGET","CREATE_TIME","UPDATE_TIME","DELETED") VALUES('d41c2bc3-454c-4f62-84fe-97825d5cf8a7','btn-user-update-role','赋予用户角色权限','sys:user:role:update','/api/user/roles','PUT','9ce621a0-ee2c-4cf6-b7bd-012a1a01ba63',100,3,1,null,null,'2020-01-08 15:41:20',null,1);
INSERT INTO "GUITAR"."SYS_PERMISSION"("ID","CODE","NAME","PERMS","URL","METHOD","PID","ORDER_NUM","TYPE","STATUS","ICON","TARGET","CREATE_TIME","UPDATE_TIME","DELETED") VALUES('d60faf3e-9a72-49d5-b02d-a67bfeff07fa','btn-user-update','列表更新用户信息权限','sys:user:update','/api/user','PUT','9ce621a0-ee2c-4cf6-b7bd-012a1a01ba63',100,3,1,null,null,'2020-01-08 15:42:06',null,1);
INSERT INTO "GUITAR"."SYS_PERMISSION"("ID","CODE","NAME","PERMS","URL","METHOD","PID","ORDER_NUM","TYPE","STATUS","ICON","TARGET","CREATE_TIME","UPDATE_TIME","DELETED") VALUES('de8e2328-4313-477e-9644-3ca93799cc76','btn-role-add','角色管理-新增角色','sys:role:add','/api/role','POST','c198d1cb-ad4d-4001-9375-9ec8ee04053d',100,3,1,null,null,'2020-01-08 15:28:09','2020-01-08 15:29:31',0);
INSERT INTO "GUITAR"."SYS_PERMISSION"("ID","CODE","NAME","PERMS","URL","METHOD","PID","ORDER_NUM","TYPE","STATUS","ICON","TARGET","CREATE_TIME","UPDATE_TIME","DELETED") VALUES('e136cc74-9817-4ef1-b181-8f1afd7e102c','btn-permission-add','新增菜单权限','sys:permission:add','/api/permission','POST','290c0240-0914-487c-b4e9-6635bf5ebfec',100,3,1,null,null,'2020-01-08 15:47:16',null,1);
INSERT INTO "GUITAR"."SYS_PERMISSION"("ID","CODE","NAME","PERMS","URL","METHOD","PID","ORDER_NUM","TYPE","STATUS","ICON","TARGET","CREATE_TIME","UPDATE_TIME","DELETED") VALUES('f9f4d9f4-a2f5-430c-9f2d-6c8e650a8c39','btn-role-list','查询角色列表权限','sys:role:list','/api/roles','POST','c198d1cb-ad4d-4001-9375-9ec8ee04053d',100,3,1,null,null,'2020-01-08 15:49:20',null,1);
INSERT INTO "GUITAR"."SYS_PERMISSION"("ID","CODE","NAME","PERMS","URL","METHOD","PID","ORDER_NUM","TYPE","STATUS","ICON","TARGET","CREATE_TIME","UPDATE_TIME","DELETED") VALUES('662cf8be-d257-4fee-ac42-a16f0e2ab469','','图标列表','','/index/icons','','4caeb861-354c-45f6-98b4-59f486beb511',99,2,1,'fa fa-star',null,'2021-02-19 13:59:34','2021-02-19 13:59:56',1);

INSERT INTO "GUITAR"."SYS_ROLE"("ID","CODE","NAME","DESCRIPTION","STATUS","CREATE_TIME","UPDATE_TIME","DELETED") VALUES('b125dbb8-459e-409f-bd1f-d17966568eda','superadmin','超级管理员','超级管理员',1,'2020-01-06 23:37:45','2021-02-25 11:05:28',1);

INSERT INTO "GUITAR"."SYS_ROLE_PERMISSION"("ID","ROLE_ID","PERMISSION_ID","CREATE_TIME") VALUES('00b6a779-dc4a-46bb-a729-ec34c8ce0a38','b125dbb8-459e-409f-bd1f-d17966568eda','4caeb861-354c-45f6-98b4-59f486beb511','2021-02-25 11:05:31');
INSERT INTO "GUITAR"."SYS_ROLE_PERMISSION"("ID","ROLE_ID","PERMISSION_ID","CREATE_TIME") VALUES('50cbcde8-8502-46a8-a977-575df3f5bdc8','b125dbb8-459e-409f-bd1f-d17966568eda','290c0240-0914-487c-b4e9-6635bf5ebfec','2021-02-25 11:05:31');
INSERT INTO "GUITAR"."SYS_ROLE_PERMISSION"("ID","ROLE_ID","PERMISSION_ID","CREATE_TIME") VALUES('d273fe55-71c2-460e-b4cc-5f48a88f7b45','b125dbb8-459e-409f-bd1f-d17966568eda','bb5ca869-0303-4fc0-b067-936cba7d1cc8','2021-02-25 11:05:31');
INSERT INTO "GUITAR"."SYS_ROLE_PERMISSION"("ID","ROLE_ID","PERMISSION_ID","CREATE_TIME") VALUES('ccadc635-a2ef-488b-8788-2e460640035f','b125dbb8-459e-409f-bd1f-d17966568eda','390ded0e-9f48-40a7-a841-791c203f22ae','2021-02-25 11:05:31');
INSERT INTO "GUITAR"."SYS_ROLE_PERMISSION"("ID","ROLE_ID","PERMISSION_ID","CREATE_TIME") VALUES('4b67afb7-d85c-468a-9452-b759936e57a6','b125dbb8-459e-409f-bd1f-d17966568eda','2f9a3f67-6ef3-4eac-b9a1-c0e898718d0c','2021-02-25 11:05:31');
INSERT INTO "GUITAR"."SYS_ROLE_PERMISSION"("ID","ROLE_ID","PERMISSION_ID","CREATE_TIME") VALUES('15512f0e-7059-4a59-af39-de91f5976995','b125dbb8-459e-409f-bd1f-d17966568eda','e136cc74-9817-4ef1-b181-8f1afd7e102c','2021-02-25 11:05:31');
INSERT INTO "GUITAR"."SYS_ROLE_PERMISSION"("ID","ROLE_ID","PERMISSION_ID","CREATE_TIME") VALUES('b501e249-4158-4d71-8f3b-0ae604928e95','b125dbb8-459e-409f-bd1f-d17966568eda','7141c2e9-6d50-46b6-94e8-100466b7249f','2021-02-25 11:05:31');
INSERT INTO "GUITAR"."SYS_ROLE_PERMISSION"("ID","ROLE_ID","PERMISSION_ID","CREATE_TIME") VALUES('b5c57925-18a1-4eed-8a81-ffc41a7d6ca4','b125dbb8-459e-409f-bd1f-d17966568eda','24b7b13c-f00f-4e6b-a221-fe2d780e4d4f','2021-02-25 11:05:31');
INSERT INTO "GUITAR"."SYS_ROLE_PERMISSION"("ID","ROLE_ID","PERMISSION_ID","CREATE_TIME") VALUES('743d814a-81af-46de-803f-9a16bdb92be3','b125dbb8-459e-409f-bd1f-d17966568eda','662cf8be-d257-4fee-ac42-a16f0e2ab469','2021-02-25 11:05:31');
INSERT INTO "GUITAR"."SYS_ROLE_PERMISSION"("ID","ROLE_ID","PERMISSION_ID","CREATE_TIME") VALUES('d6206825-d8af-49ad-8a53-5cc043f91432','b125dbb8-459e-409f-bd1f-d17966568eda','0545d9d1-c82c-44c2-85e5-0b6ac4042515','2021-02-25 11:05:31');
INSERT INTO "GUITAR"."SYS_ROLE_PERMISSION"("ID","ROLE_ID","PERMISSION_ID","CREATE_TIME") VALUES('18624525-621f-4b74-b11b-256d3cf533bc','b125dbb8-459e-409f-bd1f-d17966568eda','15bb6aff-2e3b-490a-a21f-0167ae0ebc0d','2021-02-25 11:05:31');
INSERT INTO "GUITAR"."SYS_ROLE_PERMISSION"("ID","ROLE_ID","PERMISSION_ID","CREATE_TIME") VALUES('4c4052c9-2acb-486f-9005-41573770de36','b125dbb8-459e-409f-bd1f-d17966568eda','03dc1cbf-ef44-4326-a7dc-10fe16d22dad','2021-02-25 11:05:31');
INSERT INTO "GUITAR"."SYS_ROLE_PERMISSION"("ID","ROLE_ID","PERMISSION_ID","CREATE_TIME") VALUES('364d5000-f1fd-4b58-8a10-939bdc3a042a','b125dbb8-459e-409f-bd1f-d17966568eda','346df872-8964-4455-8afd-ffa6308fb18a','2021-02-25 11:05:31');
INSERT INTO "GUITAR"."SYS_ROLE_PERMISSION"("ID","ROLE_ID","PERMISSION_ID","CREATE_TIME") VALUES('e113c60a-c2cf-4643-8109-bfa3d3cd8a7c','b125dbb8-459e-409f-bd1f-d17966568eda','9ce621a0-ee2c-4cf6-b7bd-012a1a01ba63','2021-02-25 11:05:31');
INSERT INTO "GUITAR"."SYS_ROLE_PERMISSION"("ID","ROLE_ID","PERMISSION_ID","CREATE_TIME") VALUES('4891f563-3761-4259-8936-432ec560f61f','b125dbb8-459e-409f-bd1f-d17966568eda','47697e92-e199-4420-a2c2-09ec1b08cb9d','2021-02-25 11:05:31');
INSERT INTO "GUITAR"."SYS_ROLE_PERMISSION"("ID","ROLE_ID","PERMISSION_ID","CREATE_TIME") VALUES('e19bbe52-ad62-4690-9a8c-b8eb4a71c1ca','b125dbb8-459e-409f-bd1f-d17966568eda','2ae13993-9501-46d5-8473-fe45fee57f3b','2021-02-25 11:05:31');
INSERT INTO "GUITAR"."SYS_ROLE_PERMISSION"("ID","ROLE_ID","PERMISSION_ID","CREATE_TIME") VALUES('689c7cb3-e4d6-47e5-b7d8-43f93665e5a3','b125dbb8-459e-409f-bd1f-d17966568eda','145cb90b-d205-40f6-8a2d-703f41ed1feb','2021-02-25 11:05:31');
INSERT INTO "GUITAR"."SYS_ROLE_PERMISSION"("ID","ROLE_ID","PERMISSION_ID","CREATE_TIME") VALUES('ef4e9bca-fab3-4278-a954-66d425a60325','b125dbb8-459e-409f-bd1f-d17966568eda','d41c2bc3-454c-4f62-84fe-97825d5cf8a7','2021-02-25 11:05:31');
INSERT INTO "GUITAR"."SYS_ROLE_PERMISSION"("ID","ROLE_ID","PERMISSION_ID","CREATE_TIME") VALUES('0bdd36a2-c276-49f8-bb5a-e6f896446e8c','b125dbb8-459e-409f-bd1f-d17966568eda','d60faf3e-9a72-49d5-b02d-a67bfeff07fa','2021-02-25 11:05:31');
INSERT INTO "GUITAR"."SYS_ROLE_PERMISSION"("ID","ROLE_ID","PERMISSION_ID","CREATE_TIME") VALUES('29831b22-4df8-4606-bbdf-a079faf9f253','b125dbb8-459e-409f-bd1f-d17966568eda','8f393e44-b585-4875-866d-71f88fea9659','2021-02-25 11:05:31');
INSERT INTO "GUITAR"."SYS_ROLE_PERMISSION"("ID","ROLE_ID","PERMISSION_ID","CREATE_TIME") VALUES('e3e8852c-4398-4ebd-b06f-13090b03fe0b','b125dbb8-459e-409f-bd1f-d17966568eda','27acf73b-2fcb-451b-bdc4-e11e5ab41e2a','2021-02-25 11:05:31');
INSERT INTO "GUITAR"."SYS_ROLE_PERMISSION"("ID","ROLE_ID","PERMISSION_ID","CREATE_TIME") VALUES('edd0a439-401e-4c67-af39-e44e278926ba','b125dbb8-459e-409f-bd1f-d17966568eda','39313e6a-14ed-4224-a91e-ef6a10ba54cd','2021-02-25 11:05:31');
INSERT INTO "GUITAR"."SYS_ROLE_PERMISSION"("ID","ROLE_ID","PERMISSION_ID","CREATE_TIME") VALUES('3da6f967-b30c-48c9-83f6-e02652a38f12','b125dbb8-459e-409f-bd1f-d17966568eda','b7348d63-c4d3-406d-9e46-543346674275','2021-02-25 11:05:31');
INSERT INTO "GUITAR"."SYS_ROLE_PERMISSION"("ID","ROLE_ID","PERMISSION_ID","CREATE_TIME") VALUES('9448430a-d88b-461f-a5dc-9bbc8febda84','b125dbb8-459e-409f-bd1f-d17966568eda','013095aa-0f4d-4c32-b30e-229a587e52ad','2021-02-25 11:05:31');
INSERT INTO "GUITAR"."SYS_ROLE_PERMISSION"("ID","ROLE_ID","PERMISSION_ID","CREATE_TIME") VALUES('fd080101-cb35-4734-8221-85c8668c689f','b125dbb8-459e-409f-bd1f-d17966568eda','c198d1cb-ad4d-4001-9375-9ec8ee04053d','2021-02-25 11:05:31');
INSERT INTO "GUITAR"."SYS_ROLE_PERMISSION"("ID","ROLE_ID","PERMISSION_ID","CREATE_TIME") VALUES('d6ef1418-6bbd-4c25-86ba-40ef5ff540c4','b125dbb8-459e-409f-bd1f-d17966568eda','2eeaa020-74d5-4c4b-9849-2cf4bd68fed9','2021-02-25 11:05:31');
INSERT INTO "GUITAR"."SYS_ROLE_PERMISSION"("ID","ROLE_ID","PERMISSION_ID","CREATE_TIME") VALUES('1bafa143-3389-496a-9f0a-49ac35e0dde5','b125dbb8-459e-409f-bd1f-d17966568eda','84b9b525-aa44-4b16-9900-adca26115a37','2021-02-25 11:05:31');
INSERT INTO "GUITAR"."SYS_ROLE_PERMISSION"("ID","ROLE_ID","PERMISSION_ID","CREATE_TIME") VALUES('6b2c5189-2632-430e-a9c4-509ee7d2904c','b125dbb8-459e-409f-bd1f-d17966568eda','90b3be91-5e9d-42f8-81fb-0c9ef3014faa','2021-02-25 11:05:31');
INSERT INTO "GUITAR"."SYS_ROLE_PERMISSION"("ID","ROLE_ID","PERMISSION_ID","CREATE_TIME") VALUES('229c3398-a7cc-4761-af8d-4f3de2ab2eb5','b125dbb8-459e-409f-bd1f-d17966568eda','65734896-90c5-4b48-b9e8-dee47a74a297','2021-02-25 11:05:31');
INSERT INTO "GUITAR"."SYS_ROLE_PERMISSION"("ID","ROLE_ID","PERMISSION_ID","CREATE_TIME") VALUES('4d6bb3e8-eec2-4d95-959f-ad00c5a38d86','b125dbb8-459e-409f-bd1f-d17966568eda','f9f4d9f4-a2f5-430c-9f2d-6c8e650a8c39','2021-02-25 11:05:31');

INSERT INTO "GUITAR"."SYS_USER"("ID","USERNAME","SALT","PASSWORD","PHONE","DEPT_ID","REAL_NAME","NICK_NAME","EMAIL","STATUS","SEX","DELETED","CREATE_ID","UPDATE_ID","CREATE_WHERE","CREATE_TIME","UPDATE_TIME") VALUES('fcf34b56-a7a2-4719-9236-867495e74c31','admin','c1f4a8a78e7d4186ac0b','0bb084e2d41204ab2c5ef1fc1b743218','13888888888','06e8066d-fbb9-4904-b71a-e75fc06b19a6','管理员','管理员','admin@qq.com',1,1,1,null,'fcf34b56-a7a2-4719-9236-867495e74c31',3,'2021-01-22 19:38:05','2021-02-17 21:32:22');

INSERT INTO "GUITAR"."SYS_USER_ROLE"("ID","USER_ID","ROLE_ID","CREATE_TIME") VALUES('3416df42-01d7-4150-9293-5c690cfcd376','fcf34b56-a7a2-4719-9236-867495e74c31','b125dbb8-459e-409f-bd1f-d17966568eda','2021-02-15 11:42:32');

ALTER TABLE "GUITAR"."SYS_USER_ROLE" ADD CONSTRAINT  PRIMARY KEY("ID") ;

ALTER TABLE "GUITAR"."SYS_USER" ADD CONSTRAINT  PRIMARY KEY("ID") ;

ALTER TABLE "GUITAR"."SYS_ROLE_PERMISSION" ADD CONSTRAINT  PRIMARY KEY("ID") ;

ALTER TABLE "GUITAR"."SYS_ROLE" ADD CONSTRAINT  PRIMARY KEY("ID") ;

ALTER TABLE "GUITAR"."SYS_PERMISSION" ADD CONSTRAINT  PRIMARY KEY("ID") ;

ALTER TABLE "GUITAR"."SYS_LOG" ADD CONSTRAINT  PRIMARY KEY("ID") ;

ALTER TABLE "GUITAR"."SYS_DEPT" ADD CONSTRAINT  PRIMARY KEY("ID") ;

CREATE UNIQUE INDEX "PRIMARY"
ON "GUITAR"."SYS_USER_ROLE"("ID");

COMMENT ON COLUMN "GUITAR"."SYS_USER_ROLE"."ID" IS '主键';

COMMENT ON COLUMN "GUITAR"."SYS_USER_ROLE"."USER_ID" IS '用户id';

COMMENT ON COLUMN "GUITAR"."SYS_USER_ROLE"."ROLE_ID" IS '角色id';

COMMENT ON COLUMN "GUITAR"."SYS_USER_ROLE"."CREATE_TIME" IS '创建时间';

CREATE UNIQUE INDEX "INDEX1023193037874600"
ON "GUITAR"."SYS_USER"("ID");

COMMENT ON COLUMN "GUITAR"."SYS_USER"."ID" IS '用户id';

COMMENT ON COLUMN "GUITAR"."SYS_USER"."USERNAME" IS '账户名称';

COMMENT ON COLUMN "GUITAR"."SYS_USER"."SALT" IS '加密盐值';

COMMENT ON COLUMN "GUITAR"."SYS_USER"."PASSWORD" IS '用户密码密文';

COMMENT ON COLUMN "GUITAR"."SYS_USER"."PHONE" IS '手机号码';

COMMENT ON COLUMN "GUITAR"."SYS_USER"."DEPT_ID" IS '部门id';

COMMENT ON COLUMN "GUITAR"."SYS_USER"."REAL_NAME" IS '真实名称';

COMMENT ON COLUMN "GUITAR"."SYS_USER"."NICK_NAME" IS '昵称';

COMMENT ON COLUMN "GUITAR"."SYS_USER"."EMAIL" IS '邮箱(唯一)';

COMMENT ON COLUMN "GUITAR"."SYS_USER"."STATUS" IS '账户状态(1.正常 2.锁定 )';

COMMENT ON COLUMN "GUITAR"."SYS_USER"."SEX" IS '性别(1.男 2.女)';

COMMENT ON COLUMN "GUITAR"."SYS_USER"."DELETED" IS '是否删除(1未删除；0已删除)';

COMMENT ON COLUMN "GUITAR"."SYS_USER"."CREATE_ID" IS '创建人';

COMMENT ON COLUMN "GUITAR"."SYS_USER"."UPDATE_ID" IS '更新人';

COMMENT ON COLUMN "GUITAR"."SYS_USER"."CREATE_WHERE" IS '创建来源(1.web 2.android 3.ios )';

COMMENT ON COLUMN "GUITAR"."SYS_USER"."CREATE_TIME" IS '创建时间';

CREATE UNIQUE INDEX "INDEX1023193111160800"
ON "GUITAR"."SYS_ROLE_PERMISSION"("ID");

COMMENT ON COLUMN "GUITAR"."SYS_ROLE_PERMISSION"."ID" IS '主键';

COMMENT ON COLUMN "GUITAR"."SYS_ROLE_PERMISSION"."ROLE_ID" IS '角色id';

COMMENT ON COLUMN "GUITAR"."SYS_ROLE_PERMISSION"."PERMISSION_ID" IS '菜单权限id';

COMMENT ON COLUMN "GUITAR"."SYS_ROLE_PERMISSION"."CREATE_TIME" IS '创建时间';

CREATE UNIQUE INDEX "INDEX1023193132221800"
ON "GUITAR"."SYS_ROLE"("ID");

COMMENT ON COLUMN "GUITAR"."SYS_ROLE"."ID" IS '主键';

COMMENT ON COLUMN "GUITAR"."SYS_ROLE"."CODE" IS '编码';

COMMENT ON COLUMN "GUITAR"."SYS_ROLE"."NAME" IS '角色名称';

COMMENT ON COLUMN "GUITAR"."SYS_ROLE"."STATUS" IS '状态(1:正常0:弃用)';

COMMENT ON COLUMN "GUITAR"."SYS_ROLE"."CREATE_TIME" IS '创建时间';

COMMENT ON COLUMN "GUITAR"."SYS_ROLE"."UPDATE_TIME" IS '更新时间';

COMMENT ON COLUMN "GUITAR"."SYS_ROLE"."DELETED" IS '是否删除(1未删除；0已删除)';

CREATE UNIQUE INDEX "INDEX1023193161532700"
ON "GUITAR"."SYS_PERMISSION"("ID");

COMMENT ON COLUMN "GUITAR"."SYS_PERMISSION"."ID" IS '主键';

COMMENT ON COLUMN "GUITAR"."SYS_PERMISSION"."CODE" IS '菜单权限编码';

COMMENT ON COLUMN "GUITAR"."SYS_PERMISSION"."NAME" IS '菜单权限名称';

COMMENT ON COLUMN "GUITAR"."SYS_PERMISSION"."PERMS" IS '授权(如：sys:user:add)';

COMMENT ON COLUMN "GUITAR"."SYS_PERMISSION"."URL" IS '访问地址URL';

COMMENT ON COLUMN "GUITAR"."SYS_PERMISSION"."METHOD" IS '资源请求类型';

COMMENT ON COLUMN "GUITAR"."SYS_PERMISSION"."PID" IS '父级菜单权限名称';

COMMENT ON COLUMN "GUITAR"."SYS_PERMISSION"."ORDER_NUM" IS '排序';

COMMENT ON COLUMN "GUITAR"."SYS_PERMISSION"."TYPE" IS '菜单权限类型(1:目录;2:菜单;3:按钮)';

COMMENT ON COLUMN "GUITAR"."SYS_PERMISSION"."STATUS" IS '状态1:正常 0：禁用';

COMMENT ON COLUMN "GUITAR"."SYS_PERMISSION"."ICON" IS '图标';

COMMENT ON COLUMN "GUITAR"."SYS_PERMISSION"."CREATE_TIME" IS '创建时间';

COMMENT ON COLUMN "GUITAR"."SYS_PERMISSION"."UPDATE_TIME" IS '更新时间';

COMMENT ON COLUMN "GUITAR"."SYS_PERMISSION"."DELETED" IS '是否删除(1未删除；0已删除)';

CREATE UNIQUE INDEX "INDEX1023193204635100"
ON "GUITAR"."SYS_LOG"("ID");

COMMENT ON TABLE "GUITAR"."SYS_LOG" IS '系统日志';

COMMENT ON COLUMN "GUITAR"."SYS_LOG"."ID" IS '主键';

COMMENT ON COLUMN "GUITAR"."SYS_LOG"."USER_ID" IS '用户id';

COMMENT ON COLUMN "GUITAR"."SYS_LOG"."USERNAME" IS '用户名';

COMMENT ON COLUMN "GUITAR"."SYS_LOG"."OPERATION" IS '用户操作';

COMMENT ON COLUMN "GUITAR"."SYS_LOG"."TIME" IS '响应时间';

COMMENT ON COLUMN "GUITAR"."SYS_LOG"."METHOD" IS '请求方法';

COMMENT ON COLUMN "GUITAR"."SYS_LOG"."PARAMS" IS '请求参数';

COMMENT ON COLUMN "GUITAR"."SYS_LOG"."IP" IS 'IP地址';

COMMENT ON COLUMN "GUITAR"."SYS_LOG"."CREATE_TIME" IS '创建时间';

CREATE UNIQUE INDEX "INDEX1023193242088200"
ON "GUITAR"."SYS_DEPT"("ID");

COMMENT ON COLUMN "GUITAR"."SYS_DEPT"."ID" IS '主键';

COMMENT ON COLUMN "GUITAR"."SYS_DEPT"."DEPT_NO" IS '部门编号';

COMMENT ON COLUMN "GUITAR"."SYS_DEPT"."NAME" IS '部门名称';

COMMENT ON COLUMN "GUITAR"."SYS_DEPT"."PID" IS '父级id';

COMMENT ON COLUMN "GUITAR"."SYS_DEPT"."STATUS" IS '状态(1:正常；0:弃用)';

COMMENT ON COLUMN "GUITAR"."SYS_DEPT"."RELATION_CODE" IS '为了维护更深层级关系(规则：父级关系编码+自己的编码)';

COMMENT ON COLUMN "GUITAR"."SYS_DEPT"."DEPT_MANAGER_ID" IS '部门经理user_id';

COMMENT ON COLUMN "GUITAR"."SYS_DEPT"."MANAGER_NAME" IS '部门经理名称';

COMMENT ON COLUMN "GUITAR"."SYS_DEPT"."PHONE" IS '部门经理联系电话';

COMMENT ON COLUMN "GUITAR"."SYS_DEPT"."CREATE_TIME" IS '创建时间';

COMMENT ON COLUMN "GUITAR"."SYS_DEPT"."UPDATE_TIME" IS '更新时间';

COMMENT ON COLUMN "GUITAR"."SYS_DEPT"."DELETED" IS '是否删除(1未删除；0已删除)';

